,0,1,2,3,4,5,6,7,8,9
0,최민식,류승룡,조진웅,김명곤,진구,이정현,권율,노민우,이승준,오타니 료헤이
1,류승룡,이하늬,진선규,이동휘,공명,양현민,장진희,한준우,김명준,나철
2,하정우,차태현,주지훈,김향기,마동석,김동욱,도경수,오달수,임원희,장광
3,황정민,김윤진,오달수,정진영,장영남,라미란,김슬기,정영기,맹세창,김동원
4,로버트 다우니 주니어,크리스 에반스,마크 러팔로,크리스 헴스워스,스칼렛 요한슨,제레미 레너,돈 치들,폴 러드,브리 라슨,카렌 길런
5,황정민,유아인,유해진,오달수,장윤주,김시후,오대환,정웅인,정만식,송영창
6,크리스틴 벨,이디나 멘젤,조시 게드,조나단 그로프,,,,,,
7,김윤석,김혜수,이정재,전지현,임달화,김해숙,오달수,김수현,이심결,증국상
8,장이준,류승룡,박신혜,갈소원,정진영,오달수,박원상,김정태,정만식,김기천
9,전지현,이정재,하정우,오달수,조진웅,이경영,최덕문,김의성,박병은,김홍파
10,메나 마수드,윌 스미스,나오미 스콧,,,,,,,
11,이병헌,류승룡,한효주,장광,김인권,심은경,김명곤,서진원,장재현,정창국
12,하정우,주지훈,김향기,마동석,김동욱,이정재,김기태,오희준,도경수,이준혁
13,이수민,송강호,토마스 크레취만,유해진,류준열,박혁권,최귀화,이창섭,이호균,서정우
14,공유,김정희,정유미,김율호,이주원,이영욱,마동석,김찬호,정용식,최우식
15,송강호,김영애,오달수,곽도원,임시완,송영창,정원중,조민기,이항나,이성민
16,로버트 다우니 주니어,조슈 브롤린,마크 러팔로,톰 히들스턴,크리스 에반스,크리스 헴스워스,제레미 레너,스칼렛 요한슨,엘리자베스 올슨,안소니 마키
17,로버트 다우니 주니어,크리스 헴스워스,마크 러팔로,크리스 에반스,스칼렛 요한슨,제레미 레너,돈 치들,애론 테일러 존슨,엘리자베스 올슨,폴 베타니
18,이디나 멘젤,크리스틴 벨,조나단 그로프,조시 게드,,,,,,
19,매튜 매커너히,앤 해서웨이,마이클 케인,제시카 차스테인,케이시 애플렉,,,,,
20,송강호,이선균,조여정,최우식,박소담,이정은,장혜진,박명훈,정지소,정현준
21,라미 말렉,조셉 마젤로,마이크 마이어스,루시 보인턴,,,,,,
22,황정민,강동원,이성민,박성웅,김응수,신소율,주진모,김원해,김홍파,김병옥
23,조정석,임윤아,고두심,박인환,김지영,강기영,오희준,배유람,유수빈,조성희
24,송강호,이정재,백윤식,조정석,이종석,김혜수,신기원,윤종구,윤희원,이도엽
25,로버트 다우니 주니어,기네스 팰트로우,벤 킹슬리,가이 피어스,레베카 홀,폴 베타니,존 파브로,,,
26,크리스 에반스,송강호,에드 해리스,존 허트,틸다 스윈튼,제이미 벨,옥타비아 스펜서,이완 브렘너,고아성,알리슨 필
27,크리스 에반스,로버트 다우니 주니어,스칼렛 요한슨,세바스찬 스탠,안소니 마키,돈 치들,제레미 레너,톰 홀랜드,,
28,심은경,나문희,박인환,성동일,이진욱,김현숙,황정민,김슬기,박형우,신재훈
29,김남길,손예진,유해진,김대윤,이경영,오달수,김태우,박철민,신정근,김원해
30,톰 홀랜드,사무엘 L. 잭슨,젠데이아 콜먼,코비 스멀더스,존 파브로,마리사 토메이,제이크 질렌할,제이콥 배덜런,,
31,이재남,현빈,유해진,김주혁,장영남,이해영,임윤아,이동휘,박형수,서은지
32,조쉬 더하멜,존 말코비치,로지 헌팅턴-휘틀리,샤이아 라보프,패트릭 뎀시,,,,,
33,황정민,정우,조성하,김인권,라미란,김원해,이해영,전배수,정유미,유선
34,톰 크루즈,제레미 레너,,,,,,,,
35,송강호,공유,한지민,츠루미 신고,엄태구,신성록,서영주,박민우,이진한,이진한
36,박해일,류승룡,김무열,문채원,이한위,김구택,이경영,박기웅,이승준,이재구
37,유호정,심은경,강소라,고수희,홍진희,강지원,김민영,김선경,진희경,김보미
38,제이콥 배덜런,톰 홀랜드,로버트 다우니 주니어,마이클 키튼,마리사 토메이,젠데이아 콜먼,존 파브로,마틴 스타,로건 마샬-그린,가르셀라 보베
39,안대겸,김윤석,하정우,유해진,김태리,박희순,이희준,설경구,여진구,윤재국
40,하정우,한석규,류승범,전지현,이경영,최무성,곽도원,김서형,백승익,배정남
41,이병헌,강동원,김우빈,엄지원,박해수,오달수,진경,김정우,장한별,이승용
42,하정우,배두나,오달수,김종수,임한빈,정민희,송민석,윤성민,이동진,이상희
43,로버트 다우니 주니어,스칼렛 요한슨,크리스 헴스워스,크리스 에반스,제레미 레너,,,,,
44,이병헌,조승우,백윤식,이경영,김홍파,배성우,조재윤,김대명,조우진,이엘
45,김정철,이정재,이범수,리암 니슨,진세연,정준호,박철민,김병옥,김선아,김영애
46,정용식,유해진,이준,조윤희,임지연,전혜빈,이동휘,박선용,박은미,정소리
47,김수현,박기웅,이현우,손현주,박혜숙,김성균,고창석,장광,신정근,홍경인
48,곽도원,황정민,쿠니무라 준,천우희,김환희,허진,장소연,김도윤,손강국,전배수
49,마동석,윤계상,조재윤,최귀화,박상규,유지연,최성재,이경원,이태규,진선규
50,송중기,박보영,장영남,유연석,김향기,장서이,한민혁,이승주,최광락,오영석
51,황정민,김규백,명인호,소지섭,송중기,이정현,김수안,지웅배,손용범,박선
52,톰 크루즈,레베카 퍼거슨,바네사 커비,미셸 모나한,헨리 카빌,안젤라 바셋,사이먼 페그,알렉 볼드윈,,
53,크리스찬 베일,게리 올드만,앤 해서웨이,톰 하디,조셉 고든 레빗,,,,,
54,이병헌,하정우,마동석,전혜진,배수지,손성찬,서명찬,양지수,박준영,양대혁
55,원빈,김새론,김희원,김성오,배영한,김호연,류성훈,김효민,김효서,신동민
56,송강호,유아인,문근영,전혜진,김해숙,박원상,진지희,박소담,서예지,이효제
57,톰 크루즈,제레미 레너,사이먼 페그,알렉 볼드윈,레베카 퍼거슨,,,,,
58,콜린 퍼스,태런 에저튼,사무엘 L. 잭슨,마이클 케인,,,,,,
59,김무열,김율호,진구,이현우,이완,이청아,이한종,박찬희,박혜준,최순조
60,레오나르도 디카프리오,엘렌 페이지,마리옹 꼬띠아르,,,,,,,
61,휴 잭맨,러셀 크로우,앤 해서웨이,아만다 사이프리드,헬레나 본햄 카터,,,,,
62,브리 라슨,사무엘 L. 잭슨,벤 멘델슨,주드 로,,,,,,
63,크리스 프랫,브라이스 달라스 하워드,제프 골드블럼,저스티스 스미스,토비 존스,B.D. 웡,테드 레빈,제임스 크롬웰,라프 스팰,제랄딘 채플린
64,박서준,강하늘,박승호,성동일,한도진,박하선,정다은,류우석,김규백,이하준
65,손현주,문정희,전미선,장채린,김수안,김원해,노수산나,정준원,김근영,성유빈
66,손예진,박해일,윤제문,라미란,정상훈,박수영,김소현,박주미,안내상,김재욱
67,하정우,이경영,전혜진,이다윗,이재관,이춘연,장성환,전려경,박수화,김홍파
68,크리스 프랫,주디 그리어,브라이스 달라스 하워드,케이티 맥그라스,제이크 존슨,빈센트 도노프리오,,,,
69,송강호,강동원,전국환,박혁권,윤희석,최정우,정인기,설진욱,강명희,홍서백
70,설경구,서지원,정우성,한효주,진경,이준호,임달화,손민석,김대진,이태형
71,폴 러드,에반젤린 릴리,마이클 더글라스,미셀 파이퍼,로렌스 피쉬번,해나 존-케이먼,마이클 페나,월튼 고긴스,,
72,베네딕트 컴버배치,자라 피티안,레이첼 맥아담스,틸다 스윈튼,매즈 미켈슨,치웨텔 에지오포,스콧 앳킨스,마이클 스털버그,베네딕트 웡,
73,김윤석,강동원,박소담,김병옥,김의성,이호재,남일우,김동현,김미영,김혜민
74,이태진,조인성,신현숙,남주혁,박성웅,김경희,차영주,배성우,엄태구,설현
75,채드윅 보스만,마이클 B. 조던,루피타 뇽오,다네이 거라이라,마틴 프리먼,안젤라 바셋,포레스트 휘테커,앤디 서키스,레티티아 라이트,다니엘 칼루야
76,조인성,정우성,배성우,김아중,류준열,김의성,김민재,정성모,정은채,김소진
77,김윤석,유아인,김효숙,조병찬,조세현,정한진,강별,박효주,박종현,박진아
78,마크 월버그,제시카 고메즈,니콜라 펠츠,잭 레이너,스탠리 투치,리빙빙,,,,
79,유해진,조진웅,이서진,염정아,김지수,송하윤,윤경호,지우,정민규,정지훈
80,호아킨 피닉스,재지 비츠,로버트 드 니로,프란시스 콘로이,브렛 컬렌,,,,,
81,브래드 피트,미레유 에노스,매튜 폭스,,,,,,,
82,설경구,손예진,김상경,김인권,도지한,안성기,이한위,김성오,송재호,차인표
83,엠마 왓슨,댄 스티븐스,루크 에반스,이완 맥그리거,이안 맥켈런,엠마 톰슨,구구 바샤-로,케빈 클라인,스탠리 투치,
84,조진웅,류준열,김주혁,김성령,박해준,차승원,이주영,김태준,서현우,이경제
85,더스틴 호프만,잭 블랙,안젤리나 졸리,성룡,,,,,,
86,제이슨 모모아,앰버 허드,니콜 키드먼,패트릭 윌슨,윌렘 데포,돌프 룬드그렌,,,,
87,황정민,이성민,조진웅,주지훈,김대현,이경호,이기용,이동희,이상원,이상현
88,다이안 레인,에이미 포엘러,카일 맥라클란,민디 캘링,빌 헤이더,,,,,
89,콜린 퍼스,줄리안 무어,태런 에저튼,마크 스트롱,할리 베리,엘튼 존,채닝 테이텀,제프 브리지스,,
90,차태현,오지호,민효린,성동일,신정근,고창석,송종호,이채영,김길동,천보근
91,맷 데이먼,제시카 차스테인,제프 다니엘스,케이트 마라,크리스틴 위그,,,,,
92,크리스 헴스워스,톰 히들스턴,케이트 블란쳇,이드리스 엘바,제프 골드블럼,테사 톰슨,칼 어번,마크 러팔로,안소니 홉킨스,
93,앤드류 가필드,엠마 스톤,마틴 쉰,샐리 필드,,,,,,
94,조병만,강계열,,,,,,,,
95,김명민,김호연,한지민,오달수,김영훈,백성기,지승현,류현상,김경화,김탁호
96,유해진,류준열,조우진,키타무라 카즈키,이케우치 히로유키,박지환,최유화,성유빈,이재인,다이고 코타로
97,하정우,강동원,최귀화,이성민,조진웅,마동석,윤지혜,정만식,김성균,김재영
98,도날드 글로버,비욘세 놀즈,제임스 얼 존스,치웨텔 에지오포,세스 로건,,,,,
99,최민식,하정우,조진웅,마동석,곽도원,김성균,박성광,이철민,임자연,임헌호
100,지니퍼 굿윈,제이슨 베이트먼,샤키라,,,,,,,
101,톰 크루즈,에밀리 블런트,빌 팩스톤,,,,,,,
102,이정재,최민식,황정민,박성웅,송지효,정영기,이경영,정군,정민욱,정종화
103,에디 레드메인,콜린 파렐,캐서린 워터스턴,앨리슨 수돌,댄 포글러,사만다 모튼,젠 머레이,,,
104,정유미,공유,허재호,송은정,임현성,최진호,박진우,이금용,배정민,김봉화
105,임수정,이선균,류승룡,이달형,이진희,김도균,김선일,최차원,신경철,옥광희
106,황두하,마동석,김상중,김아중,장기용,강예원,민태율,박형수,김혜윤,손성찬
107,김남길,안대겸,김영애,문정희,송영재,정진영,이경영,강신일,김대명,유승목
108,김명민,강지원,문정희,김동완,이하늬,강신일,최일화,이행춘,장형원,정경임
109,로버트 다우니 주니어,기네스 팰트로우,돈 치들,스칼렛 요한슨,미키 루크,,,,,
110,정우성,곽도원,김갑수,김의성,이경영,조우진,정원중,김명곤,박은혜,김지호
111,다니엘 래드클리프,엠마 왓슨,루퍼트 그린트,,,,,,,
112,휴 잭맨,제임스 맥어보이,마이클 패스벤더,제니퍼 로렌스,할리 베리,엘렌 페이지,,,,
113,김민희,김태리,하정우,조진웅,김해숙,문소리,최병모,김인우,이용녀,조은형
114,앤드류 가필드,엠마 스톤,제이미 폭스,데인 드한,,,,,,
115,공유,박희순,조성하,유다인,김성균,조재윤,김민재,김의성,송재림,최종률
116,엄태웅,한가인,이제훈,배수지,고준희,조정석,신민영,신예진,유연석,조현철
117,황정민,엄정화,정성화,오나라,박정민,박사랑,임호걸,정원영,이정건,안은정
118,현빈,유지태,배성우,박성웅,나나,안세하,최덕문,전보람,전헌태,이용희
119,앤디 서키스,게리 올드만,제이슨 클락,,,,,,,
120,최승현,신세경,곽도원,유해진,김윤석,이하늬,김인권,이경영,고수희,오정세
121,잭 블랙,안젤리나 졸리,더스틴 호프만,성룡,세스 로건,루시 리우,데이빗 크로스,J.K. 시몬스,,
122,크리스 에반스,스칼렛 요한슨,사무엘 L. 잭슨,로버트 레드포드,,,,,,
123,박신양,김정태,엄지원,정혜영,김성균,최일화,최지호,김형범,장원종,이충재
124,톰 하디,미쉘 윌리엄스,리즈 아메드,제니 슬레이트,,,,,,
125,김명민,오달수,이연희,강다현,전건익,정명철,박지선,배영민,정혜은,조관우
126,현빈,정재영,조정석,한지민,조재현,박성웅,김성령,정은채,강민지,박지혜
127,톰 하디,샤를리즈 테론,니콜라스 홀트,휴 키즈 바인,조 크라비츠,로지 헌팅턴-휘틀리,라일리 코프,메간 게일,애비 리,코트니 이튼
128,이병헌,이민배,김윤석,박해일,고수,박희순,조우진,박주운,박지원,백동현
129,라이언 레이놀즈,조슈 브롤린,재지 비츠,모레나 바카린,브리아나 힐데브란드,,,,,
130,김윤석,주지훈,문정희,진선규,이재현,이윤재,김종수,김지성,이현주,임병우
131,김혜수,유아인,허준호,조우진,뱅상 카셀,이원희,이은주,손민석,손영진,이하윤
132,톰 크루즈,소피아 부텔라,애나벨 월리스,러셀 크로우,하비에르 보텟,제이크 존슨,코트니 B. 반스,딜란 스미스,,
133,이시영,정유미,공유,김미경,공민정,박성연,이봉련,김성철,이얼,전국향
134,드웨인 존슨,제이슨 스타뎀,이드리스 엘바,바네사 커비,,,,,,
135,빈 디젤,드웨인 존슨,샤를리즈 테론,제이슨 스타뎀,스콧 이스트우드,커트 러셀,미셸 로드리게즈,엘자 패터키,에바 멘데스,헬렌 미렌
136,카미키 류노스케,카미시라이시 모네,나가사와 마사미,이치하라 에수코,유키 아오이,시마자키 노부나가,이시카와 카이토,타니 카논,,
137,앤 해서웨이,로버트 드 니로,르네 루소,냇 울프,아담 드바인,앤드류 라넬스,,,,
138,엠마 스톤,라이언 고슬링,핀 위트록,J.K. 시몬스,로즈마리 드윗,,,,,
139,손숙,강하나,서미지,최리,정인기,오지혜,김시은,이채현,임성철,임혜영
140,휴 잭맨,,,,,,,,,
141,정우성,안성기,이범수,김인권,이시영,안길강,최진혁,홍성덕,정윤선,강다혜
142,가엘 가르시아 베르날,앤서니 곤잘레스,벤자민 브랫,,,,,,,
143,안성기,박원상,나영희,김지호,이승훈,이춘연,이홍표,임태연,장길수,장현남
144,이선균,조진웅,신정근,정만식,신동미,김동영,박보검,박진성,정하철,윤종현
145,키이라 나이틀리,마크 러팔로,애덤 리바인,헤일리 스테인펠드,제임스 코든,캐서린 키너,,,,
146,설경구,문소리,다니엘 헤니,고창석,한예리,라미란,서승인,이대수,이성제,최승현
147,이병헌,윤여정,박정민,한지민,김성령,이주영,최리,이가경,이상준,박현주
148,정재영,박해일,유준상,유선,허준호,유해진,김상호,김준배,강신일,이철민
149,톰 행크스,팀 알렌,애니 팟츠,토니 헤일,키아누 리브스,조앤 쿠삭,매들린 맥그로,,,
150,류준열,유지태,조우진,원진아,박명신,이화룡,오희준,정기섭,차래형,김강현
151,차승원,권상우,최승현,김승우,김혜성,신현탁,문재원,김득겸,신경선,추종범
152,윌 스미스,켄 아놀드,토미 리 존스,조슈 브롤린,제메인 클레멘트,빌 헤이더,알렉 볼드윈,,,
153,레이첼 맥아담스,도널 글리슨,빌 나이,,,,,,,
154,마동석,김무열,김성규,문동혁,오희준,민무제,문순주,김근영,전배수,유재명
155,스티브 카렐,크리스틴 위그,트레이 파커,,,,,,,
156,라이언 레이놀즈,모레나 바카린,에드 스크레인,지나 카라노,T.J. 밀러,브리아나 힐데브란드,,,,
157,나문희,이제훈,박철민,염혜란,성유빈,김소진,이상희,정연주,이지훈,손숙
158,해리슨 포드,마크 해밀,캐리 피셔,사이먼 페그,오스카 아이삭,막스 본 시도우,도널 글리슨,,,
159,빈 디젤,폴 워커,드웨인 존슨,제이슨 스타뎀,,,,,,
160,아놀드 슈왈제네거,제이슨 클락,에밀리아 클라크,제이 코트니,J.K. 시몬스,다요 오케니이,맷 스미스,코트니 B. 반스,이병헌,아론 V. 윌리엄슨
161,산드라 블록,조지 클루니,,,,,,,,
162,김다미,조민수,박희순,최우식,백승철,김하나,이강곤,이상용,백규현,김종면
163,권상우,성동일,이광수,이일화,남명렬,손담비,최성원,김동욱,박성일,오희준
164,이안 맥쉐인,페넬로페 크루즈,조니 뎁,,,,,,,
165,이새별,고창석,강예원,이민기,김인권,김원영,홍승록,박은영,조용진,김은옥
166,장혁,수애,박민하,유해진,이희준,김기현,이상엽,박효주,박정민,최병모
167,제시 아이젠버그,마크 러팔로,우디 해럴슨,데이브 프랑코,다니엘 래드클리프,리지 캐플란,주걸륜,마이클 케인,모건 프리먼,
168,김윤진,김호연,나문희,강예원,이다희,장영남,박준면,정수영,손미희,정혜원
169,조니 뎁,카야 스코델라리오,올랜도 블룸,하비에르 바르뎀,브렌튼 스웨이츠,제프리 러쉬,데이빗 웬햄,골시프테 파라하니,스티븐 그레이엄,케빈 맥널리
170,김우빈,이준호,강하늘,정덕희,주창욱,권지훈,오하늬,오현경,이성두,정소민
171,크리스 헴스워스,톰 히들스턴,나탈리 포트만,스텔란 스카스가드,이드리스 엘바,안소니 홉킨스,,,,
172,김주혁,류승범,조여정,류현경,오달수,송새벽,오정세,공형진,김성령,최무성
173,크레이그 T. 넬슨,사무엘 L. 잭슨,홀리 헌터,,,,,,,
174,브루스 윌리스,존 말코비치,메리-루이스 파커,이병헌,캐서린 제타-존스,안소니 홉킨스,헬렌 미렌,,,
175,손예진,이민기,신동훈,김혜숙,조아라,박재우,태리,최우진,이현진,이미도
176,제이 바루첼,제라드 버틀러,케이트 블란쳇,아메리카 페레라,,,,,,
177,조정석,도경수,박신혜,권지훈,김승아,김진희,이연수,강두,정지훈,손산
178,유오성,주진모,김우빈,김미진,최종석,한기준,문혜지,황순영,신승찬,양혜경
179,이명노,진구,한혜진,임슬옹,배수빈,이경영,장광,천우희,이현걸,전종석
180,존 조,데브라 메싱,,,,,,,,
181,신하균,고수,이제훈,류승수,고창석,이다윗,류승룡,김옥빈,조진웅,정인기
182,제임스 맥어보이,마이클 패스벤더,제니퍼 로렌스,오스카 아이삭,니콜라스 홀트,로즈 번,타이 쉐리던,소피 터너,올리비아 문,루카스 틸
183,한석규,김래원,정웅인,조재윤,신성록,곽민호,박영준,임경욱,장한승,신영진
184,안젤리나 졸리,,,,,,,,,
185,김래원,공효진,강기영,정웅인,장소연,이채은,정혜린,손우현,박근록,주민경
186,차태현,강예원,이문수,고창석,장영남,천보근,신성일,이창수,라미란,이한위
187,김윤석,유해진,송영창,장영남,정호빈,이준혁,이종일,장성훈,정규용,정기용
188,류승룡,유준상,이진욱,김성령,조여정,조은지,진구,강구현,배정현,서동필
189,폴 러드,마이클 더글라스,에반젤린 릴리,코리 스톨,,,,,,
190,마틴 프리먼,이안 맥켈런,리차드 아미티지,케이트 블란쳇,올랜도 블룸,크리스토퍼 리,휴고 위빙,에반젤린 릴리,,
191,박보영,김영광,강기영,장성범,고규필,서은수,차엽,안길강,이동석,이재상
192,마틴 프리먼,이안 맥켈런,리차드 아미티지,케이트 블란쳇,크리스토퍼 리,일라이저 우드,앤디 서키스,휴고 위빙,베네딕트 컴버배치,
193,유해진,윤계상,김홍파,우현,김선영,민진웅,이성욱,조현철,오희준,정기섭
194,딜런 오브라이언,카야 스코델라리오,윌 폴터,토마스 생스터,이기홍,,,,,
195,다니엘 래드클리프,엠마 왓슨,루퍼트 그린트,,,,,,,
196,라이언 포터,스콧 애짓,다니엘 헤니,제이미 정,T.J. 밀러,제네시스 로드리게스,데이몬 웨이언스 주니어,마야 루돌프,제임스 크롬웰,알란 터딕
197,톰 하디,마크 라이런스,케네스 브래너,킬리언 머피,제임스 다시,케빈 구스리,,,,
198,브라이언 콕스,제임스 프랭코,프리다 핀토,,,,,,,
199,황정민,김승훈,류승범,유해진,천호진,마동석,김원범,최정현,황병국,조준현
200,딜런 오브라이언,토마스 생스터,카야 스코델라리오,이기홍,,,,,,
201,크리스 프랫,조 샐다나,데이브 바티스타,빈 디젤,브래들리 쿠퍼,,,,,
202,엄태웅,이민정,최다니엘,박신혜,박철민,전아민,송새벽,류현경,박은성,조재형
203,정재영,박시후,최원영,김영애,정건영,장규미,장금단,권귀덕,정용현,정진근
204,제시 아이젠버그,마크 러팔로,우디 해럴슨,멜라니 로랑,아일라 피셔,데이브 프랑코,마이클 케인,모건 프리먼,,
205,에바 그린,사무엘 L. 잭슨,에이사 버터필드,앨리슨 제니,킴 디킨스,주디 덴치,크리스 오다우드,,,
206,랄프 파인즈,샘 워싱턴,리암 니슨,알렉사 다바로스,젬마 아터튼,,,,,
207,위하준,박지현,오아연,문예원,박성훈,이승욱,류제윤,이주원,정아노마,
208,설경구,엄지원,이레,김해숙,김상호,라미란,양진성,이승택,하진,조복래
209,설경구,김남길,설현,오달수,이현명,장정윤,전동성,전동성,전동성,백연정
210,크리스틴 스튜어트,로버트 패틴슨,테일러 로트너,다코타 패닝,,,,,,
211,권상우,성동일,박해준,이승준,조복래,오정세,박준면,이일화,서영희,강민지
212,산드라 블록,존 햄,마이클 키튼,,,,,,,
213,조여정,김동욱,김민준,조은지,박지영,이경영,박철민,장지민,전주병,정일원
214,마크 월버그,안소니 홉킨스,로라 하드독,조쉬 더하멜,,,,,,
215,맷 데이먼,줄리아 스타일즈,토미 리 존스,뱅상 카셀,알리시아 비칸데르,,,,,
216,제이 바루첼,제라드 버틀러,,,,,,,,
217,소지섭,손예진,김지환,고창석,이유진,김현수,배유람,이준혁,서정연,손여은
218,엘렌 드제너스,알버트 브룩스,다이안 키튼,,,,,,,
219,송새벽,이시영,백윤식,김수미,박철민,강동호,손대구,임종혁,김효원,김원석
220,정우성,김현빈,황정민,주지훈,곽도원,정만식,김원해,김종수,김해곤,윤지혜
221,이성민,조진웅,김성균,김종수,조우진,임현성,배정남,염진환,박윤호,박지훈
222,김우빈,김영철,고창석,이현우,조윤희,임주환,조달환,권지훈,김원진,노선식
223,찰리 허냄,론 펄먼,이드리스 엘바,찰리 데이,,,,,,
224,로즈 번,재뉴어리 존스,에디 가테지,마이클 패스벤더,케빈 베이컨,제임스 맥어보이,,,,
225,닐 세티,빌 머레이,스칼렛 요한슨,벤 킹슬리,이드리스 엘바,루피타 뇽오,크리스토퍼 월켄,지안카를로 에스포지토,,
226,마동석,박정민,정해인,염정아,최성은,김종수,이해운,성혁,손석배,홍인
227,이성민,김상호,진경,곽시양,이동희,김재철,이재남,이재우,이태호,이혜민
228,스티브 쿠건,엘리 켐퍼,레이크 벨,데이너 카비,케빈 하트,,,,,
229,정우성,김향기,이규형,염혜란,장영남,정원중,김종수,박근형,송윤아,이준혁
230,지창욱,심은경,안재홍,오정세,김상호,김민교,김기천,이하늬,박재민,박정환
231,고수,한효주,마동석,김성오,쥬니,진서연,장원종,전범희,전성환,전효선
232,조진웅,이하늬,이경영,강신일,최덕문,조한철,허성태,강도연,정인기,윤진영
233,알렉 볼드윈,리사 쿠드로,스티브 부세미,토비 맥과이어,지미 키멜,,,,,
234,이선균,김민희,조성하,송하윤,차수연,임남숙,임순옥,장대윤,황남희,박지혜
235,김윤진,마동석,천호진,김성균,김새론,임하룡,장영남,도지한,차현우,김동현
236,김명민,오달수,김지원,김범,이민기,지웅배,이대현,이소희,이재웅,백승진
237,정우,강하늘,김해숙,이동휘,한재영,이경영,박희정,우상기,조해진,유지현
238,에디 레드메인,캐서린 워터스턴,앨리슨 수돌,댄 포글러,에즈라 밀러,주드 로,조니 뎁,칼럼 터너,조 크라비츠,수현
239,맥켄지 데이비스,아놀드 슈왈제네거,린다 해밀턴,나탈리아 레이즈,가브리엘 루나,,,,,
240,이정재,박정민,이재인,유지태,정진영,진선규,이다윗,배해선,차래형,황정민
241,박희순,장혁,하정우,유다인,박원재,손인용,허재호,조동연,김원우,김유선
242,여진구,김윤석,조진웅,장현성,김성균,박해준,임지은,남지현,설우신,이성
243,다니엘 크레이그,하비에르 바르뎀,주디 덴치,랄프 파인즈,나오미 해리스,베레니스 말로에,,,,
244,김수미,신현준,임형준,정준하,탁재훈,현영,허필봉,정웅인,박정호,박정환
245,김하늘,유승호,조희봉,양영조,최지호,조은서,박주혜,조하나,김기준,임채경
246,이제훈,최희서,김인우,권율,민진웅,이형석,박진성,배정환,서동기,정무진
247,심형래,마이클 리스폴리,하비 케이틀,제이슨 미웨스,조셀린 도나휴,안소희,우혜림,,,
248,주드 로,제이슨 스타뎀,멜리사 맥카시,,,,,,,
249,드웨인 존슨,아우이 크라발호,알란 터딕,제메인 클레멘트,테무에라 모리슨,,,,,
250,리암 니슨,매기 그레이스,팜케 얀센,라드 세르베드지야,,,,,,
251,전도연,이정재,윤여정,서우,박지영,안서현,황정민,문소리,신재민,박지선
252,딜런 오브라이언,토마스 생스터,카야 스코델라리오,이기홍,,,,,,
253,아만다 사이프리드,릴리 제임스,메릴 스트립,피어스 브로스넌,제레미 어바인,콜린 퍼스,휴 스키너,스텔란 스카스가드,조쉬 딜란,줄리 월터스
254,마틴 프리먼,베네딕트 컴버배치,케이트 블란쳇,올랜도 블룸,리차드 아미티지,루크 에반스,휴고 위빙,크리스토퍼 리,에반젤린 릴리,
255,톰 크루즈,카메론 디아즈,,,,,,,,
256,베라 파미가,패트릭 윌슨,릴리 테일러,,,,,,,
257,마이크 마이어스,카메론 디아즈,에디 머피,안토니오 반데라스,장광,김옥경,이인성,이봉준,,
258,헨리 카빌,벤 애플렉,에이미 아담스,로렌스 피쉬번,제시 아이젠버그,제레미 아이언스,홀리 헌터,갤 가돗,,
259,마크 라이런스,사이먼 페그,올리비아 쿡,타이 쉐리던,벤 멘델슨,T.J. 밀러,모리사키 윈,,,
260,리암 니슨,테일러 키취,알렉산더 스카스가드,브룩클린 데커,리한나,,,,,
261,로버트 다우니 주니어,주드 로,,,,,,,,
262,하지원,박철민,김성태,차예련,이한위,오지호,송새벽,안성기,박원희,김형석
263,박정민,류승범,최유화,우현,윤제문,이광수,임지연,권해효,이창훈,오동민
264,문소리,박철민,최민식,유승호,홍윤정,김한솔,김상현,,,
265,손현주,마동석,최다니엘,박서준,이준혁,이태호,강민정,조은수,서정우,최동헌
266,이민호,김래원,정진영,설현,유승목,한재영,이연두,정호빈,최진호,엄효섭
267,조니 뎁,앤 해서웨이,헬레나 본햄 카터,크리스핀 글로버,미아 와시코브스카,마튼 초카스,,,,
268,헨리 카빌,에이미 아담스,러셀 크로우,케빈 코스트너,,,,,,
269,김윤석,하정우,조성하,이철민,박윤호,김기석,박재홍,안서현,박창수,노남석
270,갤 가돗,로빈 라이트,크리스 파인,데이빗 듈리스,코니 닐슨,엘레나 아나야,,,,
271,김한나,강동원,고수,정은채,윤다경,최덕문,김수남,허명행,강민서,홍대성
272,권상우,김희원,김성균,허성태,우도환,원현준,홍기준,박상훈,이서환,선율우
273,장동건,오다기리 죠,정홍재,판빙빙,강남현,조동혁,김효연,김홍근,신승훈,홍서백
274,다니엘 칼루야,앨리슨 윌리암스,브래들리 휘트포드,캐서린 키너,,,,,,
275,조정석,신민아,윤정희,이상희,전예원,조아라,김광수,김보미,김선하,김은비
276,김혜수,마동석,김현수,김용건,서현진,곽시양,전석호,이미도,이성민,황미영
277,크리스틴 스튜어트,로버트 패틴슨,테일러 로트너,,,,,,,
278,엄정화,김상경,송영창,조희봉,정해균,유승목,이정환,조한기,고해성,허정은
279,조승우,송영재,지성,김성균,백윤식,문채원,유재명,박충선,이원근,김민재
280,리암 니슨,줄리안 무어,미쉘 독커리,앤슨 마운트,존 아브라함스,스쿳 맥네이리,,,,
281,신지수,이병헌,조승우,백윤식,이경영,김홍파,배성우,조재윤,김대명,조우진
282,이선균,최강희,류현경,오정세,석정현,조성환,송유하,최현숙,추연규,류지혜
283,안토니오 반데라스,셀마 헤이엑,자크 갈리피아나키스,,,,,,,
284,리차드 아미티지,사라 웨인 콜리스,제레미 섬터,,,,,,,
285,휴 잭맨,패트릭 스튜어트,보이드 홀브룩,스테판 머천트,리차드 E. 그랜트,에릭 라 살,엘리스 닐,,,
286,한효주,김대명,도지한,배성우,박신혜,이범수,박서준,김상호,천우희,우에노 주리
287,앤디 서키스,우디 해럴슨,스티브 잔,주디 그리어,타이 올슨,채드 룩,티모시 웨버,마이클 아담스웨이트,라우로 차트랜드,스티브 바란칙
288,유승호,조재현,고창석,라미란,시우민,연우진,전석호,서예지,주영호,박예슬
289,러셀 크로우,엠마 왓슨,로건 레먼,안소니 홉킨스,제니퍼 코넬리,,,,,
290,레오나르도 디카프리오,톰 하디,,,,,,,,
291,제이크 질렌할,젬마 아터튼,벤 킹슬리,,,,,,,
292,황정민,한혜진,곽도원,정만식,손세빈,백동현,이확광,임정빈,임희준,양준호
293,스칼렛 요한슨,모건 프리먼,최민식,신유람,,,,,,
294,현빈,손예진,김상호,장영남,장광,조영진,이문식,이현,이동희,김준영
295,크리스토프 왈츠,에드 스크레인,,,,,,,,
296,스테파니 시그만,알리시아 벨라 베일리,미란다 오토,탈리타 베이트먼,,,,,,
297,베라 파미가,패트릭 윌슨,프란카 포텐테,프란시스 오코너,스털링 제린스,,,,,
298,라이언 레이놀즈,폴 지아마티,마이클 페나,사무엘 L. 잭슨,루이스 구즈만,스눕 독,미쉘 로드리게즈,,,
299,박성웅,진영,라미란,이수민,이준혁,김광규,민지아,윤경호,김현목,권혁범
300,윌 스미스,자레드 레토,마고 로비,스콧 이스트우드,카라 델러비인,제이 코트니,조엘 킨나만,비올라 데이비스,제이 헤르난데즈,애덤 비치
301,이승기,문채원,이서진,장진우,이경진,이동진,임하룡,이상협,김광규,김부선
302,강신일,김미경,김혜성,유선,정재영,조진웅,장기범,이현우,김경호,조찬형
303,로건 레먼,피어스 브로스넌,우마 서먼,숀 빈,로자리오 도슨,케빈 맥키드,,,,
304,이영수,설경구,이정진,오달수,주진모,문정희,송새벽,김형주,황병국,서동필
305,이민기,김민희,최무성,라미란,장영준,정여진,조치언,박명규,권유진,박병은
306,박용우,류승룡,성동일,성지루,김여진,박병은,주진모,조덕제,서영화,이의수
307,송강호,조정석,배두나,김소진,김대명,이희준,조우진,이성민,김홍파,김근영
308,리암 니슨,팜케 얀센,매기 그레이스,존 그리스,포레스트 휘테커,,,,,
309,하지원,배두나,한예리,최윤영,박철민,김응수,오정세,이종석,박영서,박정학
310,이병헌,브루스 윌리스,드웨인 존슨,채닝 테이텀,애드리앤 팰리키,레이 스티븐슨,레이 파크,,,
311,노무현,이상호,,,,,,,,
312,전도연,고수,류태호,조승연,최민철,조수정,박윤희,박인영,이태범,강명찬
313,구용완,이병헌,최민식,조승민,신정훈,이준혁,김시운,남보라,최문숙,박미선
314,공효진,류준열,조정석,염정아,전혜진,손석구,김기범,이학주,정수지,배유람
315,지성,김아중,신소율,강경준,김성오,정수영,문지윤,김보미,지은,최은두
316,다니엘 크레이그,레아 세이두,크리스토프 왈츠,모니카 벨루치,,,,,,
317,배성우,성동일,장영남,김혜준,조이현,김강훈,정윤하,남승화,고해정,김귀선
318,빈 디젤,드웨인 존슨,폴 워커,미셸 로드리게즈,,,,,,
319,벤 애플렉,갤 가돗,제이슨 모모아,레이 피셔,에즈라 밀러,헨리 카빌,J.K. 시몬스,윌렘 데포,제레미 아이언스,앰버 허드
320,손예진,김갑수,임형준,이규한,조안,강신일,유원선,이선아,장루비,최단비
321,벤 애플렉,로자먼드 파이크,닐 패트릭 해리스,미시 파일,,,,,,
322,최민식,정만식,김상호,성유빈,오스기 렌,정석원,김홍파,라미란,이나라,정지소
323,잭 블랙,,,,,,,,,
324,존 C. 라일리,사라 실버맨,맨디 무어,크리스틴 벨,,,,,,
325,베네딕트 컴버배치,키이라 나이틀리,매튜 구드,,,,,,,
326,황정민,유준상,이요원,윤제문,정웅인,성지루,지우,장영주,장임태,장준석
327,박해일,유연석,이경영,박원상,류현경,송하윤,김강현,김수안,김중기,이봉규
328,매튜 매커너히,리즈 위더스푼,스칼렛 요한슨,태런 에저튼,세스 맥팔레인,,,,,
329,하정우,공효진,이병준,지진희,유인나,최유화,전수지,장동찬,정동철,최재용
330,라이언 레이놀즈,사무엘 L. 잭슨,셀마 헤이엑,게리 올드만,,,,,,
331,프랑수아 클뤼제,오마 사이,,,,,,,,
332,정진영,이문식,류승룡,윤제문,선우선,이광수,신정근,류승수,강하늘,정석용
333,드웨인 존슨,알렉산드라 다드다리오,,,,,,,,
334,한석규,이제훈,오달수,조진웅,강소라,이재용,채성원,홍준표,송원종,배성우
335,드웨인 존슨,잭 블랙,케빈 하트,카렌 길런,매디슨 아이스먼,,,,,
336,김윤석,정우,한효주,김희애,진구,장현성,강하늘,조복래,김인권,장미진
337,스텔란 스카스가드,스튜어트 타운젠드,나탈리 포트만,크리스 헴스워스,안소니 홉킨스,,,,,
338,톰 히들스턴,브리 라슨,사무엘 L. 잭슨,존 굿맨,,,,,,
339,박보영,도기범,이종석,이세영,김영광,신현탁,우혜영,장세준,박지영,손지훈
340,제임스 맥어보이,안야 테일러 조이,헤일리 루 리차드슨,베티 버클리,브래드 윌리엄 헨크,킴 디렉터,스털링 K. 브라운,,,
341,하정우,이선균,제니퍼 엘,이상원,민무제,강신철,손성찬,안성봉,양지수,신현빈
342,베네딕트 컴버배치,존 말코비치,톰 맥그라스,크리스 밀러,크리스토퍼 나이츠,켄 정,,,,
343,존 레귀자모,레이 로마노,데니스 리어리,퀸 라티파,제니퍼 로페즈,,,,,
344,임창정,최다니엘,오달수,조윤희,조달환,정지윤,최일화,박일목,임향주,권태호
345,이순재,윤소정,송재호,김수미,송지효,오달수,최종학,김남준,박남희,이채은
346,이선균,안재홍,김희원,주진모,장영남,경수진,정해인,조영진,박용균,박정민
347,벤 스틸러,크리스 록,데이빗 쉼머,제이다 핀켓 스미스,프란시스 맥도먼드,,,,,
348,라미란,이성경,윤상현,최수영,염혜란,위하준,주우재,강홍석,김도완,이정민
349,나탈리 포트만,뱅상 카셀,밀라 쿠니스,위노나 라이더,세바스찬 스탠,,,,,
350,드웨인 존슨,폴 워커,빈 디젤,,,,,,,
351,김희애,고아성,김유정,김향기,유아인,강다영,강다정,박지영,박진수,선현철
352,송강호,배영한,이여진,이나영,박민규,이태리,임현성,정진,조은별,주영민
353,김승욱,송혜교,강동원,조성목,백일섭,황석정,안현정,강상대,신동길,양승걸
354,박서준,안성기,우도환,이승준,최우식,박진주,박지현,정지훈,이승희,심희섭
355,크리스 파인,칼 어번,조 샐다나,안톤 옐친,재커리 퀸토,베네딕트 컴버배치,,,,
356,현빈,장유화,장동건,조우진,정만식,이선빈,김의성,조달환,박진우,서지혜
357,러셀 크로우,케이트 블란쳇,막스 본 시도우,,,,,,,
358,손현주,엄지원,배성우,김성종,권지훈,조용관,정한빈,정진근,장한별,임태훈
359,마동석,송지효,김성오,박지환,이동진,박혜림,김재철,이연주,신수경,이창훈
360,레나 헤디,에바 그린,설리반 스탭플턴,로드리고 산토로,,,,,,
361,수라즈 샤르마,이르판 칸,라프 스팰,,,,,,,
362,주진모,송승헌,김강우,조한선,최재원,홍의정,이신성,임형준,박현,한상현
363,마일즈 텔러,J.K. 시몬스,,,,,,,,
364,헤일리 스테인펠드,파멜라 애들론,존 시나,피터 쿨렌,케네스 최,,,,,
365,류승범,이요원,조진웅,김윤성,김보라,이석준,임성민,곽민호,권해효,남문철
366,공효진,김예원,김성오,조복래,이가섭,이천희,김동규,김보경,김유정,김지한
367,톰 크루즈,모건 프리먼,올가 쿠릴렌코,안드레아 라이즈보로,,,,,,
368,아담 샌들러,셀레나 고메즈,케빈 제임스,스티브 부세미,,,,,,
369,크리스찬 베일,조엘 에저튼,시고니 위버,벤 킹슬리,아론 폴,,,,,
370,조승우,양동근,최정원,임지훈,김동희,허형규,박용규,신준호,최지훈,조찬형
371,제이 바루첼,아메리카 페레라,케이트 블란쳇,킷 해링턴,크레이그 퍼거슨,F. 머레이 아브라함,,,,
372,김태리,류준열,문소리,진기주,홍성덕,이광용,이상준,김재훈,이유진,김정은
373,빌 풀만,리암 헴스워스,제프 골드블럼,비비카 A. 폭스,제시 어셔,,,,,
374,톰 행크스,조앤 쿠삭,,,,,,,,
375,루피타 뇽오,윈스턴 듀크,엘리자베스 모스,팀 헤이데커,야히아 압둘 마틴 2세,애나 디옵,에반 알렉스,샤하디 라이트 조셉,매디슨 커리,칼리 쉘든
376,김혜수,김고은,엄태구,박보검,고경표,오대환,배유람,이혁준,백동현,노경섭
377,도경수,박혜수,자레드 그라임스,오정세,김민호,강성호,고창희,김건우,김동현,김민재
378,마동석,이동휘,이하늬,배준수,석정호,신은영,안백승,안승주,채지혜,이성은
379,김윤석,박유천,한예리,이희준,문성근,김상호,유승목,이승태,이재성,김기태
380,로버트 패틴슨,크리스틴 스튜어트,,,,,,,,
381,이지은,이기광,김원효,,,,,,,
382,레오나르도 디카프리오,캐리 멀리건,토비 맥과이어,,,,,,,
383,안젤리나 졸리,엘르 패닝,미셀 파이퍼,,,,,,,
384,송승헌,임지연,설유진,조여정,온주완,유해진,이승준,임경민,양승희,정상철
385,신하균,이광수,이솜,박철민,권해효,길해연,양소민,배명진,김자영,김한나
386,브루스 윌리스,제이 코트니,패트릭 스튜어트,메리 엘리자베스 윈스티드,콜 하우저,,,,,
387,이제훈,김성균,박근형,정성화,고아라,노정의,김하나,유승목,박정원,박지훈
388,김혜란,신하균,이태리,김상호,조은지,오정세,주현,김의성,정석용,남경읍
389,황정민,류성훈,차승원,한지혜,백성현,신영훈,김영훈,함철훈,박광설,박미령
390,휴 잭맨,잭 에프런,미쉘 윌리엄스,레베카 퍼거슨,젠데이아 콜먼,,,,,
391,잭 휴스턴,토비 켑벨,모건 프리먼,로드리고 산토로,할룩 빌기너,요한 필리프 아스베크,모이세스 아리아스,아예렛 주러,소피아 블랙 디엘리아,제임스 코스모
392,안젤리나 졸리,엘르 패닝,,,,,,,,
393,잭슨 라스본,데브 파텔,노아 링어,니콜라 펠츠,,,,,,
394,강하늘,김무열,문성근,나영희,최고,박윤식,박재영,이동근,이동진,이승용
395,강동원,김의성,한효주,김성균,김대명,윤계상,이준혁,정소민,최우식,유재명
396,드웨인 존슨,제프리 딘 모건,나오미 해리스,말린 애커맨,조 맨가니엘로,말리 쉘튼,,,,
397,제시카 로테,이스라엘 브로우사드,,,,,,,,
398,킷 해링턴,에밀리 브라우닝,키퍼 서덜랜드,캐리 앤 모스,제시카 루카스,자레드 해리스,커리 그레이엄,,,
399,강소백,장동건,김명민,박희순,이종석,임보라,박재웅,박준서,박준호,신수정
400,최민식,곽도원,심은경,문소리,라미란,류혜영,이기홍,진선규,권용덕,이주연
401,브래드 피트,로건 레먼,샤이아 라보프,마이클 페나,존 번탈,,,,,
402,강지환,성유리,이수혁,김영광,신민철,손현우,윤봉길,이태형,이한샘,신정근
403,박해일,김무열,김고은,이후빈,임민경,김재준,정만식,안민영,강덕중,
404,송영재,심은경,이승기,김상경,연우진,강민혁,최우식,조복래,박선영,이한서
405,미키 루크,헨리 카빌,프리다 핀토,,,,,,,
406,산드라 블록,케이트 블란쳇,앤 해서웨이,민디 캘링,사라 폴슨,아콰피나,리한나,헬레나 본햄 카터,,
407,서교,김예원,성동일,이훈민,임동욱,임승묵,임왕섭,천재성,최인호,박정훈
408,,,,,,,,,,
409,루크 에반스,도미닉 쿠퍼,,,,,,,,
410,김상경,김강우,김희애,서현우,이민지,이윤재,이지훈,김지영,최윤석,류경수
411,크리스 프랫,조 샐다나,데이브 바티스타,빈 디젤,브래들리 쿠퍼,,,,,
412,김명민,염정아,유해진,변희봉,정겨운,정만식,이승호,오나라,천보근,박진우
413,아론 에크하트,미쉘 로드리게즈,브리짓 모나핸,,,,,,,
414,마이클 패스벤더,캘리 헤르난데스,캐서린 워터스턴,제임스 프랭코,누미 라파스,가이 피어스,빌리 크루덥,카르멘 에조고,대니 맥브라이드,주시 스몰렛
415,염정아,박혁권,허진,신린아,방유설,이준혁,이달,이주원,장리우,정지훈
416,베네딕트 컴버배치,마틴 프리먼,,,,,,,,
417,미셸 모나한,제이크 질렌할,베라 파미가,,,,,,,
418,박희순,박시연,주상욱,김정태,이한위,이광수,박희순,차수연,전승환,차종호
419,김고은,정해인,박해준,김국희,정유진,최준영,심달기,나철,권은수,박세현
420,나문희,김수미,김혜옥,임창정,김희원,김광규,강경헌,성소원,김민태,박영희
421,켈리 맥도날드,빌리 코놀리,엠마 톰슨,강소라,,,,,,
422,수애,유지태,정혜영,김동협,제정훈,조영천,김유화,신다은,송지인,최다연
423,김명민,김상호,성동일,김영애,김향기,김뢰하,박수영,박혁권,최병모,오민석
424,김강우,고창석,박성웅,이진호,이현민,박정우,박진수,서병덕,임준혁,장한얼
425,콜린 파렐,케이트 베킨세일,제시카 비엘,,,,,,,
426,이명노,김강우,김효진,주지훈,이연희,옥택연,마동석,구잘 투르수노바,이희준,고준희
427,밀라 요보비치,웬트워스 밀러,,,,,,,,
428,맷 데이먼,조디 포스터,샬토 코플리,윌리엄 피츠너,,,,,,
429,이주원,김옥빈,천유진,신하균,성준,김서형,조은지,이승주,정해균,박철민
430,유아인,김해숙,김정태,김성오,정유미,이시언,신정근,손희정,신경주,신창수
431,맷 데이먼,크리스찬 베일,,,,,,,,
432,도기범,임수정,조정석,이진욱,정진영,이기우,온주완,전신환,이태리,김보라
433,정지훈,유준상,신세경,김성수,이하나,이종석,정경호,조성하,오달수,정석원
434,조진웅,신구,김대명,송영창,이청아,윤세아,박희정,서수민,이강재,이재은
435,이시영,엄기준,정현태,문가영,권해효,김도영,현우,,,
436,설경구,박가영,전도연,김보민,윤찬영,박종환,김형주,성유빈,탕준상,신문성
437,이성민,신하균,송지효,이엘,장영남,고준,서성원,이주한,이지원,이혜수
438,벤 반스,조지 헨리,윌 폴터,윌 폴터,스캔더 킨즈,윌리엄 모즐리,윌리엄 모즐리,안나 팝플웰,,
439,이정재,신하균,이성민,보아,김의성,손호준,강정원,김근배,김재철,김종선
440,차승원,엄채영,박해준,김혜옥,안길강,전혜빈,류한비,조한철,성지루,김법래
441,니콜라스 홀트,테레사 팔머,존 말코비치,,,,,,,
442,김윤석,변요한,채서진,김상호,안세하,박혜수,김호정,한한나,이유미,윤진영
443,강하늘,박정민,김인우,최홍일,김정팔,최희서,신윤주,문성근,최종률,전재형
444,김강우,백윤식,윤여정,김효진,온주완,권병길,황정민,양재준,김응수,정원중
445,트래비스 핌멜,벤 포스터,폴라 패튼,도미닉 쿠퍼,클랜시 브라운,토비 켑벨,,,,
446,박해빛나,박근형,윤여정,조진웅,한지민,황우슬혜,문가영,찬열,장문규,이준혁
447,조성현,정준호,김민정,유동근,성동일,박근형,박상욱,윤두준,황광희,유민
448,차태현,남상미,오달수,고창석,진경,김강현,최성원,이준혁,이용감,이윤수
449,고아성,김새벽,김예은,정하담,류경수,최무성,하성광,류성민,권현진,김경록
450,크리스 파인,사이먼 페그,조 샐다나,재커리 퀸토,칼 어번,안톤 옐친,존 조,이드리스 엘바,소피아 부텔라,
451,서하늬,엄지원,공효진,강태수,김광호,김석태,김용철,김해일,서인덕,안재만
452,드웨인 존슨,마이클 케인,조쉬 허처슨,바네사 허진스,,,,,,
453,설경구,조진웅,허준호,진선규,김사랑,지승현,윤진영,권혁범,박보경,이호철
454,설경구,류승범,한혜진,성지루,박상욱,이정우,김혁,강규환,신민섭,조수빈
455,김명민,최민호,김성철,김인권,곽시양,메간 폭스,조지 이즈,장지건,이재욱,이호정
456,우혜진,박해일,윤제문,공효진,윤여정,진지희,이학렬,임승묵,임효우,정광호
457,임수정,공유,천호진,이청아,전수경,류승수,신성록,정규수,정성화,장영남
458,김명민,변요한,유재명,조은형,신혜선,박정민,이승민,김영성,윤정로,
459,제니퍼 로렌스,조쉬 허처슨,리암 헴스워스,우디 해럴슨,,,,,,
460,마동석,권율,한예리,박성일,유지연,이규호,이수정,김정화,이혜민,김지연
461,오상철,이선균,김고은,임원희,장현성,최재웅,김윤혜,홍성덕,배유람,권귀덕
462,우혜진,엄태웅,주원,정진영,성동일,이태임,김정태,송지현,신혜정,최현정
463,패튼 오스왈트,케빈 하트,에릭 스톤스트릿,제니 슬레이트,티파니 해디쉬,레이크 벨,해리슨 포드,,,
464,테레사 팔머,알리시아 벨라 베일리,가브리엘 베이트먼,알렉산더 디퍼시아,,,,,,
465,소지섭,이미연,곽도원,배영한,김동준,이경영,한보배,정종열,이학렬,임상윤
466,이채민,주지훈,김강우,천호진,임지연,이유영,김현수,문희경,박시영,박아영
467,벤 스틸러,로빈 윌리엄스,댄 스티븐스,오웬 윌슨,벤 킹슬리,레벨 윌슨,,,,
468,엄정화,류승룡,이도경,김화영,조상원,남동협,박혁,주명훈,강정식,서도빈
469,김래원,원진아,진선규,최귀화,최무성,주진모,장지건,정원중,이성우,김홍표
470,시다 미라이,카미키 류노스케,미우라 토모카즈,이선영,엄상현,장광,최수민,홍범기,,
471,존 보예가,스콧 이스트우드,케일리 스패니,아드리아 아르호나,번 고먼,찰리 데이,경첨,키쿠치 린코,,
472,크리스 파인,알렉 볼드윈,휴 잭맨,주드 로,아일라 피셔,다코타 고요,이제훈,류승룡,유해진,이종혁
473,휴 잭맨,사나다 히로유키,윌 윤 리,,,,,,,
474,아담 샌들러,셀레나 고메즈,앤디 샘버그,스티브 부세미,케빈 제임스,캐서린 한,,,,
475,김현빈,임시완,고아성,구철호,이희준,이준혁,정준원,이레,김영재,임윤경
476,강예원,이상윤,최진호,지대한,김종수,이학주,장태성,유건,길해연,조재윤
477,윤하,류승범,박철민,정선경,성동일,강민우,신채원,채빈,홍소희,진선미
478,드웨인 존슨,잭 블랙,케빈 하트,카렌 길런,아콰피나,,,,,
479,주원,유해진,이유영,류혜영,서현우,이준혁,윤석진,김민서,박지윤,장인섭
480,최승현,한예리,윤제문,조성하,김유정,강민태,백주연,서정훈,송은영,안성민
481,이형석,신용우,구자형,,,,,,,
482,김명민,엄기준,박주미,이병준,김소현,이경근,박지애,김병욱,김태호,최민서
483,캐서린 윈닉,제라드 버틀러,짐 스터게스,애비 코니시,앤디 가르시아,,,,,
484,소지섭,한효주,김혜진,최재훈,김희승,신용철,신은진,최제헌,강신일,오광록
485,닐 패트릭 해리스,행크 아자리아,이하늬,,,,,,,
486,펠리시티 존스,디에고 루나,매즈 미켈슨,리즈 아메드,포레스트 휘테커,견자단,알란 터딕,강문,,
487,제레미 레너,레이첼 와이즈,에드워드 노튼,조안 알렌,알버트 피니,,,,,
488,타이사 파미가,데미안 비쉬어,보니 아론스,샬롯 호프,,,,,,
489,박해일,김윤진,강신일,한유빈,조윤정,조정준,박현숙,방윤지,서아름,문대영
490,마크 러팔로,레오나르도 디카프리오,,,,,,,,
491,제커리 리바이,맨디 무어,,,,,,,,
492,키아누 리브스,할리 베리,로렌스 피쉬번,이안 맥쉐인,,,,,,
493,드웨인 존슨,파블로 쉬레이버,니브 캠벨,바이런 만,친 한,,,,,
494,제인 레비,딜런 미네트,스티븐 랭,다니엘 조바토,,,,,,
495,이우룡,류승룡,심은경,박정민,김민재,정유미,이승용,예수정,이기환,이동근
496,김인권,김정태,신현빈,칸 모하마드 아사두즈만,홍덕표,노재훈,이호정,전병덕,최연우,정석용
497,이진성,정재영,이성민,서준영,박정호,박지영,박진선,서주연,안지현,유지은
498,이범수,류승범,김옥빈,정만식,유다인,신정근,고창석,정인기,오정세,배정남
499,엄정화,송승헌,김상호,라미란,서신애,임보경,강현구,백승호,정지안,조훈휘
500,안젤라 랜스베리,짐 캐리,칼라 구기노,맥스웰 페리 코튼,,,,,,
501,조엘 킨나만,사무엘 L. 잭슨,게리 올드만,애비 코니시,마이클 키튼,,,,,
502,이민정,이정진,이광수,서영,황보현,이범규,박지연,서미래,김병옥,조우진
503,유선,남보라,유오성,동호,권현상,이해신,전진희,양세희,신동미,길해연
504,아만다 사이프리드,조쉬 허처슨,콜린 파렐,제이슨 서디키스,비욘세 놀즈,조니 녹스빌,크리스토프 왈츠,스티븐 타일러,한승연,정진운
505,김율호,차승원,유준상,김인권,남지현,신동미,남경읍,태인호,공형진,김종수
506,김성균,조진웅,윤진이,김원,김지경,이효제,김병옥,이철민,김원해,이상수
507,누미 라파스,마이클 패스벤더,샤를리즈 테론,가이 피어스,이드리스 엘바,,,,,
508,최민식,한석규,신구,김홍파,허준호,김태우,김원해,임원희,오광록,박성훈
509,김인권,류현경,김수미,오광록,유연석,이초희,오현경,송해,최두원,김경민
510,마크 해밀,캐리 피셔,아담 드라이버,데이지 리들리,존 보예가,오스카 아이삭,루피타 뇽오,앤디 서키스,도널 글리슨,안소니 다니엘
511,송강호,박해일,전미선,최덕문,남문철,정해균,박동혁,정인겸,김준한,차래형
512,니콜라스 홀트,이완 맥그리거,엘리너 톰린슨,빌 나이,존 카저,스탠리 투치,,,,
513,하정우,하지원,전혜진,장광,주진모,성동일,이경영,김영애,정만식,조진웅
514,라이언 구즈만,캐서린 맥코믹,메간 본,애덤 G. 세바니,,,,,,
515,설경구,임시완,김희원,전혜진,이경영,김성오,허준호,박정주,박지호,박형우
516,멜라니 그리피스,이사벨 퍼만,유리 로웬탈,대성,최설리(설리),윤형빈,,,,
517,벤 스틸러,크리스틴 위그,숀 펜,셜리 맥클레인,,,,,,
518,니콜라스 케이지,라이언 레이놀즈,엠마 스톤,캐서린 키너,클락 듀크,클로리스 리치먼,,,,
519,에밀리아 클라크,샘 클라플린,매튜 루이스,,,,,,,
520,지진희,심호성,이종혁,하정우,윤세아,박병은,강동우,권정민,서강호,장원석
521,이선,이미자,김환진,함수정,홍소영,조현정,정미숙,강승훈,김남희,김은정
522,애나벨 월리스,워드 호튼,알프레 우다드,에릭 라딘,토니 아멘돌라,,,,,
523,알 파치노,스티브 카렐,미란다 코스그로브,태연,서현,,,,,
524,덴젤 워싱턴,크리스 프랫,이병헌,에단 호크,맷 보머,빈센트 도노프리오,해일리 베넷,캠 지갠뎃,,
525,제라드 버틀러,니콜라이 코스터 왈도,코트니 이튼,브렌튼 스웨이츠,애비 리,,,,,
526,존 C. 라일리,잭 맥브레이어,제인 린치,,,,,,,
527,안젤리나 졸리,조니 뎁,,,,,,,,
528,김태균,정찬우,,,,,,,,
529,누미 라파스,글렌 클로즈,윌렘 데포,,,,,,,
530,김수로,오상철,강예원,이제훈,곽도원,김윤혜,양경모,임철형,임혁진,권성휘
531,강동원,김지아,한효주,정우성,김무열,최민호,한예리,신은수,허준호,문예원
532,샘 워싱턴,리암 니슨,랄프 파인즈,로자먼드 파이크,대니 휴스턴,,,,,
533,오웬 티그,빌 스카스가드,핀 울프하드,하비에르 보텟,소피아 릴리스,,,,,
534,아담 샌들러,스티브 부세미,프란 드레셔,앤디 샘버그,정찬우,김태균,,,,
535,윌 페렐,브래드 피트,,,,,,,,
536,이지현,김용준,양정화,홍범기,엄상현,사문영,위훈,민응식,신용우,안소이
537,리즈 위더스푼,크리스 파인,톰 하디,,,,,,,
538,에릭 벌포,스카티 톰슨,토니 블랙,브리타니 다니엘,크리스탈 리드,닐 홉킨스,데이빗 제야스,,,
539,김수로,황정음,윤시윤,김민영,지연,박은빈,강내균,강성용,권현상,윤승아
540,정재영,김옥빈,최다니엘,이대연,박철민,신다은,오광록,김중탁,이시연,김정우
541,빌리 크리스탈,존 굿맨,스티브 부세미,롭 리글,피터 손,,,,,
542,박명수,닐 패트릭 해리스,크리스티나 리치,알란 커밍,행크 아자리아,케이티 페리,제이마 메이스,,,
543,박보영,주원,강별,최대호,전희수,박민영,이맑음,이인,박지연,양정원
544,케네스 브래너,페넬로페 크루즈,윌렘 데포,주디 덴치,조니 뎁,조시 게드,데렉 자코비,미셀 파이퍼,데이지 리들리,
545,제임스 맥어보이,마이클 패스벤더,제니퍼 로렌스,니콜라스 홀트,소피 터너,타이 쉐리던,에반 피터스,제시카 차스테인,,
546,알렉산더 스카스가드,마고 로비,크리스토프 왈츠,사무엘 L. 잭슨,디몬 하운수,존 허트,짐 브로드벤트,,,
547,김상경,김성균,박성웅,윤승아,조재윤,김의성,기주봉,홍성덕,오대환,이정훈
548,제니퍼 로렌스,조쉬 허처슨,리암 헴스워스,필립 세이모어 호프만,줄리안 무어,우디 해럴슨,엘리자베스 뱅크스,도날드 서덜랜드,,
549,크리스 헴스워스,테사 톰슨,리암 니슨,엠마 톰슨,,,,,,
550,이미연,최지우,김주혁,유아인,강하늘,이솜,하석진,지윤호,한재영,선주아
551,현빈,탕웨이,김서라,,,,,,,
552,이정재,여진구,김무열,이솜,박원상,배수빈,김명곤,박해준,이한성,박정환
553,테일러 키취,린 콜린스,윌렘 데포,사만다 모튼,,,,,,
554,박중훈,이선균,김정태,강기화,손광익,손정희,신정호,김해정,임찬익,김병석
555,도기범,류승룡,이성민,천우희,이준,정경호,김정영,박시연,이민지,백승호
556,스테파니 스콧,더못 멀로니,린 샤예,,,,,,,
557,이선,이미자,함수정,홍소영,정미숙,김서영,김환진,엄상현,,
558,김윤석,오연수,한예리,백승환,박사랑,김성균,이청기,이현경,최성태,홍지은
559,안셀 엘고트,케빈 스페이시,릴리 제임스,에이사 곤잘레스,존 햄,제이미 폭스,,,,
560,르네 젤위거,콜린 퍼스,패트릭 뎀시,,,,,,,
561,클로이 모레츠,샘 클라플린,지나 거손,패트릭 워버튼,짐 래쉬,아바 콜커,사성웅,김명준,신용우,유호한
562,제이미 벨,앤디 서키스,다니엘 크레이그,사이먼 페그,,,,,,
563,크리스 헴스워스,킬리언 머피,벤 위쇼,샬롯 라일리,브렌단 글리슨,벤자민 워커,,,,
564,제니퍼 로렌스,조쉬 허처슨,리암 헴스워스,필립 세이모어 호프만,줄리안 무어,우디 해럴슨,엘리자베스 뱅크스,도날드 서덜랜드,,
565,콜린 퍼스,제프리 러쉬,헬레나 본햄 카터,,,,,,,
566,빌 헤이더,안나 패리스,닐 패트릭 해리스,,,,,,,
567,염정아,문정희,김영애,김강우,이승준,도경수,김민경,김선간,김지은,김지현
568,리암 니슨,퀸튼 잭슨,브래들리 쿠퍼,제시카 비엘,샬토 코플리,패트릭 윌슨,,,,
569,황우슬혜,함은정,강명희,임찬영,송혁조,홍선희,김혜란,최재호,김유란,박은혜
570,홍수민,한석규,고수,박신혜,유연석,김수웅,김주훈,김지현,김현정,박병은
571,톰 크루즈,로자먼드 파이크,로버트 듀발,베르너 헤어조크,리차드 젠킨스,데이빗 오예로워,,,,
572,엄정화,문소리,조민수,이경영,이성민,이재윤,백동훈,전민혁,오상진,차수보
573,랄프 파인즈,틸다 스윈튼,주드 로,애드리언 브로디,윌렘 데포,에드워드 노튼,시얼샤 로넌,레아 세이두,,
574,송강호,신세경,천정명,이종혁,김민준,윤여정,송민경,양기원,박지훈,남성훈
575,주지훈,백윤식,변희봉,박영규,임원희,이하늬,백도빈,김수로,김소현,전지혜
576,신현숙,박해일,수애,윤제문,라미란,이진욱,김규선,한주영,김강우,이강진
577,이선,이미자,김현지,홍소영,정미숙,김서영,김환진,남도형,정승욱,이장원
578,한도진,유해진,이성경,김민재,나문희,성동일,진경,황우슬혜,박규영,이한서
579,하동훈,최효종,김원효,조지훈,,,,,,
580,밀라 요보비치,알리 라터,이아인 글렌,숀 로버츠,이준기,,,,,
581,스칼렛 요한슨,마이클 피트,마이클 윈코트,요한 필리프 아스베크,기타노 다케시,,,,,
582,제시 아이젠버그,앤 해서웨이,레슬리 만,제이미 폭스,임시완,류승룡,써니,,,
583,유지태,이정현,이다윗,정성화,김지은,김태훈,신민수,윤수현,이정주,이지수
584,쉐일린 우들리,안셀 엘고트,냇 울프,윌렘 데포,,,,,,
585,지현우,조한선,박영규,송율규,정재훈,문원주,나해리,탁트인,김정운,강경덕
586,제라드 버틀러,아론 에크하트,모건 프리먼,안젤라 바셋,,,,,,
587,김선아,마동석,신정근,정인기,이청아,박효주,온주완,유종성,이안나,이지성
588,제니퍼 허드슨,테일러 스위프트,이드리스 엘바,프란체스카 헤이워드,주디 덴치,이안 맥켈런,제이슨 데룰로,제임스 코든,레이 윈스톤,레벨 윌슨
589,샤메익 무어,헤일리 스테인펠드,니콜라스 케이지,제이크 존슨,리브 슈라이버,마허샬라 알리,,,,
590,한도진,김명민,김인권,이혜리,최우식,박성웅,박희순,이경영,이강진,이규현
591,한지민,김시아,이희준,권소현,백수장,장영남,김선영,이주영,이정은,전석호
592,릴리 제임스,리처드 매든,케이트 블란쳇,헬레나 본햄 카터,홀리데이 그레인저,소피 맥쉐라,,,,
593,윤계상,김규리,박장면,김영훈,한기중,최무성,최석준,김재원,이혜성,유순철
594,애론 테일러 존슨,브라이언 크랜스톤,엘리자베스 올슨,줄리엣 비노쉬,와타나베 켄,,,,,
595,달이,성동일,김정태,송중기,정훈영,신민철,정주연,최희선,왕석현,권해효
596,수애,오달수,오연서,하재숙,김슬기,김예원,진지희,임진영,박진하,전송이
597,박중훈,정유미,박원상,정우혁,정인기,권세인,노승범,민경진,조원철,박정원
598,조니 뎁,레베카 홀,모건 프리먼,폴 베타니,킬리언 머피,,,,,
599,정려원,권상우,김민욱,한민혁,서은채,임여문,정진수,이언수,김중탁,이미도
600,톰 행크스,펠리시티 존스,벤 포스터,이르판 칸,오마 사이,시드 바벳 크누센,안나 울라루,,,
601,라이언 레이놀즈,저스티스 스미스,캐서린 뉴튼,수키 워터하우스,빌 나이,와타나베 켄,,,,
602,샤니 빈슨,릭 말람브리,애덤 G. 세바니,,,,,,,
603,아담 샌들러,케빈 제임스,미셸 모나한,피터 딘클리지,애슐리 벤슨,,,,,
604,,,,,,,,,,
605,조현정,김영은,김채하,신용우,여민정,심규혁,이상호,이소은,정유정,김율
606,안나 켄드릭,저스틴 팀버레이크,주이 디샤넬,크리스토퍼 민츠 플라세,크리스틴 바란스키,제프리 탬보,러셀 브랜드,쿠널 나이어,그웬 스테파니,제임스 코든
607,김영은,김채하,신용우,양정화,김현지,강새봄,강성우,강성우,김다올,김다올
608,김예론,김동욱,강경자,조석현,신다은,박진영,박민영,박상현,임경환,이철민
609,크리스 프랫,제니퍼 로렌스,마이클 쉰,앤디 가르시아,로렌스 피쉬번,,,,,
610,라이언 고슬링,클레어 포이,제이슨 클락,카일 챈들러,패트릭 후짓,시아란 힌즈,에단 엠브리,쉐어 위햄,코리 스톨,파블로 쉬레이버
611,빌 헤이더,제임스 칸,앤디 샘버그,안나 패리스,,,,,,
612,다니엘 크레이그,크리스 에반스,아나 디 아르마스,제이미 리 커티스,마이클 섀넌,돈 존슨,크리스토퍼 플러머,,,
613,로건 레먼,올랜도 블룸,밀라 요보비치,,,,,,,
614,제커리 리바이,애셔 앤젤,잭 딜런 그레이저,마크 스트롱,,,,,,
615,다이고 코타로,모리 나나,오구리 슌,심규혁,최한,강은애,김서영,,,
616,정재영,박보영,오달수,배성우,류덕환,류현경,진경,윤균상,최홍원,김보람
617,티모시 올리펀트,알렉스 페티퍼,,,,,,,,
618,해리슨 포드,에이사 버터필드,헤일리 스테인펠드,비올라 데이비스,아비게일 브레스린,벤 킹슬리,,,,
619,김정희,문채원,유연석,조재윤,김슬기,이해영,이연두,박민우,이창해,인교진
620,정보석,배한성,진지희,,,,,,,
621,윤제문,정소민,이일화,신구,이미도,강기영,박혁권,허가윤,민도희,박희진
622,안성기,신재훈,오주환,조진웅,이상화,한예리,권율,한동원,손현주,박병은
623,송중기,박보영,,,,,,,,
624,이영애,유재명,이원근,박해준,백주희,최현종,황재열,김종수,이항나,김태율
625,타카야마 미나미,야마자키 와카나,김선혜,이현진,우정신,강수진,,,,
626,조나 힐,브래드 피트,,,,,,,,
627,조진웅,손현주,박희순,고창석,최원영,김슬기,윤박,김민석,장남열,김희찬
628,샤를리즈 테론,크리스틴 스튜어트,크리스 헴스워스,,,,,,,
629,김은우,심은경,윤제문,김성오,오태경,정해균,안재홍,김원해,지대한,이호열
630,정재영,한지민,박진우,박진주,서민석,성기욱,장윤희,신나라,양준모,오종환
631,에이미 아담스,제레미 레너,포레스트 휘테커,애비게일 프니오브스키,,,,,,
632,유승호,고아라,곽도원,조윤희,이경영,박철민,손병호,조달환,서범식,김지민
633,타카야마 미나미,야마자키 와카나,야마구치 캇페이,하야시바라 메구미,호리카와 료,김선혜,강수진,,,
634,톰 행크스,아론 에크하트,로라 린니,,,,,,,
635,이완 맥그리거,나오미 왓츠,,,,,,,,
636,빌 나이,휴 로리,짐 브로드벤트,제임스 맥어보이,,,,,,
637,,,,,,,,,,
638,아만다 사이프리드,킬리언 머피,저스틴 팀버레이크,,,,,,,
639,조정석,이미숙,이하나,김의성,배성우,김대명,태인호,김수안,김민재,오주환
640,톰 크루즈,코비 스멀더스,로버트 네퍼,알디스 호지,제이슨 더글러스,다니카 야로쉬,홀트 맥칼라니,,,
641,고현정,유해진,성동일,이문식,고창석,박신양,김병철,정우식,조석현,한동룡
642,설경구,여진구,이경영,정성화,정인기,김원해,정석원,한민수,조상원,이찬유
643,맷 데이먼,제이슨 아이삭스,,,,,,,,
644,제니퍼 로렌스,조쉬 허처슨,리암 헴스워스,엘리자베스 뱅크스,,,,,,
645,오재균,한석규,김혜수,송병철,한민,권혁석,서정수,유승호,이현숙,김우혁
646,조민수,이정진,권세인,강승헌,김순모,허준석,김재원,권율,손종학,유하복
647,배한성,이광수,,,,,,,,
648,김미소,유오성,김동욱,심은경,김응수,허행욱,신정민,김태형,김정식,이미도
649,장동건,김민희,민성욱,박지연,백현익,최제헌,김경희,이재인,김민재,김성오
650,칼럼 블루,조 샐다나,,,,,,,,
651,켈란 루츠,스펜서 로크,,,,,,,,
652,아만다 사이프리드,크리스토퍼 에건,가엘 가르시아 베르날,바네사 레드그레이브,,,,,,
653,장한새,이민기,박성웅,이태임,박재영,박진우,송원종,양영택,윤성민,윤성원
654,샘 워싱턴,엘리자베스 뱅크스,,,,,,,,
655,김다율,주원,김한나,최진리,안재현,박세영,김성오,윤혜빈,이대수,이상훈
656,제임스 맥어보이,제시카 차스테인,빌 헤이더,제이 라이언,제임스 랜슨,이사야 무스타파,앤디 빈,빌 스카스가드,하비에르 보텟,자비에 돌란
657,맨디 무어,클레어 홀트,매튜 모딘,,,,,,,
658,이지현,김용준,양정화,조경이,사문영,엄상현,민아,김상백,김두용,시영준
659,레오나르도 디카프리오,매튜 매커너히,조나 힐,,,,,,,
660,김수로,한재석,이재용,송영창,류승룡,장영남,이지용,류덕환,손일준,조덕현
661,니콜라스 케이지,모니카 벨루치,,,,,,,,
662,조니 뎁,미셀 파이퍼,에바 그린,,,,,,,
663,제프 브리지스,레이첼 맥아담스,매켄지 포이,마리옹 꼬띠아르,제임스 프랭코,베니치오 델 토로,알버트 브룩스,리키 제바이스,폴 지아마티,버드 코트
664,로즈 번,패트릭 윌슨,린 샤예,타이 심킨스,바바라 허쉬,다니엘 비서티,,,,
665,줄리아 로버츠,릴리 콜린스,아미 해머,,,,,,,
666,이지현,김용준,양정화,사문영,홍범기,이현,시영준,엄상현,임정길,서윤선
667,휴 잭맨,샬토 코플리,시고니 위버,데브 파텔,,,,,,
668,릴리 콜린스,제이미 캠벨 바우어,케빈 지거스,제미마 웨스트,레나 헤디,조나단 리스 마이어스,,,,
669,조셉 고든 레빗,브루스 윌리스,에밀리 블런트,,,,,,,
670,저스틴 롱,제이슨 리,매튜 그레이 구블러,제시 맥카트니,,,,,,
671,채닝 테이텀,제이미 폭스,매기 질렌할,,,,,,,
672,테일러 러셀,로건 밀러,제이 엘리스,타일러 라빈,데보라 앤 월,닉 도다니,,,,
673,박용우,고아라,손병호,정명숙,최경선,성상배,,,,
674,라이언 구즈만,브리아나 에비건,애덤 G. 세바니,알리슨 스토너,,,,,,
675,퍼디아 월시-필로,루시 보인턴,잭 레이너,,,,,,,
676,밀라 요보비치,미셸 로드리게즈,리빙빙,시에나 길로리,오데드 페르,,,,,
677,스펜서 로크,린 샤예,조시 스튜어트,하비에르 보텟,,,,,,
678,박해수,서예지,김상호,김응수,변희봉,김영재,이창훈,임철수,현봉식,주석태
679,존 레귀자모,레이 로마노,제니퍼 로페즈,아담 드바인,제시 타일러 퍼거슨,사이먼 페그,멜리사 로치,,,
680,베네딕트 컴버배치,,,,,,,,,
681,제이슨 스타뎀,제시카 알바,토미 리 존스,양자경,,,,,,
682,,,,,,,,,,
683,박희순,라미란,김성균,김경진,김재훈,김흥래,윤정화,이민규,이준호,이호준
684,장근석,김하늘,홍세희,최종훈,김유인,신정원,박재성,강세정,김해인,심서린
685,정우성,이주용,장동원,박종대,김도연,김도영,김어준,김지영,,
686,알리시아 비칸데르,크리스틴 스콧 토마스,월튼 고긴스,도미닉 웨스트,오언조,,,,,
687,윌 스미스,제이든 스미스,,,,,,,,
688,스기사키 하나,카미키 류노스케,,,,,,,,
689,존 시나,케이트 맥키넌,데이비드 테넌트,바비 카나베일,미구엘 앙겔 실베스트르,지나 로드리게즈,,,,
690,김강우,김범,박혁권,이준혁,서현철,박성웅,박병렬,박은영,서왕석,박주형
691,유아인,스티븐 연,전종서,이고운,이수정,배민정,이승호,이영석,김정은,김정현
692,차태현,김수정,유오성,박하선,김혜선,백도빈,윤희석,조인권,방현용,방현용
693,류승룡,장동건,송새벽,고경표,이레,탕준상,이상희,문정희,서현우,이동훈
694,제이슨 스타뎀,리빙빙,,,,,,,,
695,앤 해서웨이,,,,,,,,,
696,이민기,김고은,안서현,윤진하,박병은,김뢰하,김부선,이현빈,손종규,전종석
697,에밀리 블런트,존 크래신스키,노아 주프,밀리센트 시몬스,,,,,,
698,김선혜,강수진,이정구,이현진,,,,,,
699,리암 니슨,다이앤 크루거,,,,,,,,
700,김수미,정만식,김정태,이태란,홍성덕,박승찬,이형빈,강경탁,임재수,박은영
701,로건 레먼,알렉산드라 다드다리오,브랜든 T. 잭슨,,,,,,,
702,브래드 피트,마리옹 꼬띠아르,리지 캐플란,매튜 구드,자레드 해리스,,,,,
703,키이라 나이틀리,매켄지 포이,헬렌 미렌,모건 프리먼,매튜 맥퍼딘,,,,,
704,제시 아이젠버그,앤드류 가필드,저스틴 팀버레이크,루니 마라,아미 해머,,,,,
705,멜리사 맥카시,크리스 헴스워스,크리스틴 위그,케이트 맥키넌,레슬리 존스,,,,,
706,엘리자베스 슈,제시카 스자르,제리 오코넬,아담 스콧,빙 라메스,,,,,
707,크리스 에반스,휴고 위빙,헤일리 앳웰,토미 리 존스,,,,,,
708,브래드 피트,토미 리 존스,리브 타일러,루스 네가,도날드 서덜랜드,,,,,
709,조니 뎁,앤 해서웨이,미아 와시코브스카,헬레나 본햄 카터,사챠 바론 코헨,알란 릭맨,마이클 쉰,앤드류 스캇,,
710,데인 드한,카라 델러비인,리한나,클라이브 오웬,,,,,,
711,이장원,엄상현,김서영,윤세웅,카토리 싱고,야마데라 코이치,신도 유나,아베 사다오,,
712,강동원,배영한,신은수,이효제,김희원,권해효,김단율,정우진,엄태구,박종환
713,줄리아 로버츠,제임스 프랭코,,,,,,,,
714,,,,,,,,,,
715,,,,,,,,,,
716,김영현,이시영,오정세,박영규,김정태,이원종,배성우,김준성,김민재,경수진
717,샐리 호킨스,마이클 섀넌,리차드 젠킨스,더그 존스,마이클 스털버그,옥타비아 스펜서,,,,
718,미즈타 와사비,오오하라 메구미,,,,,,,,
719,소피 넬리스,코린 폭스,브리안느 쥬,시스틴 로즈 스탤론,,,,,,
720,맷 데이먼,페드로 파스칼,윌렘 데포,유덕화,루한,경첨,너맨 아카,펑위옌,장한위,
721,치웨텔 에지오포,마이클 패스벤더,베네딕트 컴버배치,브래드 피트,드와이트 헨리,쿠벤자네 왈리스,타란 킬램,,,
722,송새벽,성동일,김성령,고창석,이병준,한채아,이철민,진선규,정승욱,조화영
723,김아중,주원,박은영,강남현,박태영,박호진,임우철,장원,신비감,조영헌
724,박성웅,우혜진,이세영,성준,이수혁,백진희,김슬기,정인선,고경표,김지원
725,임창정,엄지원,이영란,허서영,송혜진,정은우,임효우,김선국,박병렬,정슬기
726,브래들리 쿠퍼,레이디 가가,샘 엘리엇,그렉 그룬버그,,,,,,
727,이완 맥그리거,헤일리 앳웰,마크 게티스,짐 커밍스,크리스 오다우드,소피 오코네도,,,,
728,브루스 윌리스,모건 프리먼,존 말코비치,메리-루이스 파커,헬렌 미렌,칼 어번,,,,
729,우혜영,박철민,김규리,윤유선,박희정,유세형,이경영,박윤선,박윤호,강선영
730,아미 해머,나단 필리온,오웬 윌슨,,,,,,,
731,최민식,박신혜,류준열,이하늬,박해준,조한철,이수경,박성희,박태강,박호산
732,한효주,유연석,천우희,박성웅,장영남,이한위,류혜영,김수안,차지연,장인섭
733,패트릭 윌슨,베라 파미가,맥케나 그레이스,매디슨 아이스먼,,,,,,
734,윤여정,김고은,김희원,신은정,최민호,류준열,양익준,박민지,남태부,강경탁
735,강하늘,김소은,김정태,한혜린,박두식,이아현,서경배,임미라,임승현,전성혁
736,하지원,강예원,가인,고창석,주상욱,최성민,박동빈,하용진,강민호,박지훈
737,김해숙,박진희,정현주,박준호,최태영,최혜경,권오현,강주연,서원상,최선영
738,윌 아넷,브렌든 프레이저,리암 니슨,캐서린 헤이글,싸이(박재상),,,,,
739,이성민,이희준,이하늬,김원해,채수빈,심은경,곽시양,이영진,이무생,남연우
740,빈 디젤,사무엘 L. 잭슨,루비 로즈,니나 도브레브,토니 콜렛,디피카 파드콘,토니 자,,,
741,박정민,김고은,장항선,고준,신현빈,정규수,김준한,배제기,최정헌,한별
742,도기범,진세연,홍종현,신정근,임수연,정명호,박진수,박태규,조영란,조용재
743,사무엘 L. 잭슨,아비게일 브레스린,제프 골드블럼,짐 커밍스,유준상,하동훈,노홍철,,,
744,조엘 코트니,엘르 패닝,,,,,,,,
745,정재영,전도연,오만석,손상현,김홍재,조서희,신선희,조수영,김준원,오광록
746,김정은,진구,왕지혜,한혜숙,허동우,윤현아,박재영,이병준,박정미,황재희
747,타카야마 미나미,야마자키 와카나,코야마 리키야,야마구치 캇페이,,,,,,
748,김수현,성동일,이성민,최진리,조우진,이경영,김홍파,정인겸,최권,한지은
749,유덕화,양가휘,리빙빙,유가령,덩차오,,,,,
750,김명민,안성기,고아라,최태준,조희봉,이엘,이동훈,권지민,최재웅,최윤성
751,제임스 맥어보이,브루스 윌리스,사무엘 L. 잭슨,안야 테일러 조이,사라 폴슨,,,,,
752,정우성,이솜,박소영,박팔영,손지연,어주선,정현석,한세인,김도연,김성민
753,오웬 윌슨,마이클 케인,,,,,,,,
754,키타가와 케이코,오구리 슌,하마베 미나미,키타무라 타쿠미,,,,,,
755,신하균,장혁,강한나,강하늘,박혜준,정현국,권승구,서지오,권지훈,천준호
756,이안 그루퍼드,리차드 록스버그,라이스 웨이크필드,댄 와일리,,,,,,
757,가이 피어스,매기 그레이스,조셉 길건,,,,,,,
758,덴젤 워싱턴,크리스 파인,,,,,,,,
759,제이크 질렌할,레베카 퍼거슨,라이언 레이놀즈,사나다 히로유키,앨리욘 버케어,올가 디호비치나야,,,,
760,마동석,김새론,이상엽,진선규,장광,신세휘,오희준,배진아,이광기,이상훈
761,아미르 칸,마드하반,셔먼 조쉬,카리나 카푸르,,,,,,
762,서인국,이종석,권유리,박철민,박정철,신민철,김재영,선우재덕,서준원,송병준
763,마동석,김영광,이유영,이서진,김정수,이승창,이영석,서정훈,서준호,이태규
764,톰 행크스,할리 베리,휴 그랜트,배두나,짐 스터게스,벤 위쇼,휴고 위빙,수잔 서랜든,,
765,타라지 P. 헨슨,옥타비아 스펜서,케빈 코스트너,커스틴 던스트,짐 파슨스,,,,,
766,,,,,,,,,,
767,손병호,임원희,이아이,손종우,김형범,최제헌,이신성,최진영,한대희,문성진
768,크리스찬 베일,스티브 카렐,라이언 고슬링,브래드 피트,,,,,,
769,케이티 피더스턴,미카 슬로앳,마크 프레드릭스,,,,,,,
770,백윤식,성동일,천호진,배종옥,조달환,김혜인,박형수,손종학,이칸희,박지현
771,이선,이미자,함수정,홍소영,정미숙,김서영,김환진,엄상현,홍범기,
772,크리스 헴스워스,샤를리즈 테론,에밀리 블런트,제시카 차스테인,,,,,,
773,실베스터 스탤론,브루스 윌리스,아놀드 슈왈제네거,제이슨 스타뎀,이연걸,장 끌로드 반담,척 노리스,리암 헴스워스,돌프 룬드그렌,테리 크루즈
774,다니엘 크레이그,루니 마라,,,,,,,,
775,장동건,케이트 보스워스,제프리 러쉬,대니 휴스턴,,,,,,
776,나문희,김수안,천우희,최수영,연제욱,정유진,고규필,임한빈,강보경,심완준
777,니콜라스 케이지,론 펄먼,크리스토퍼 리,,,,,,,
778,김찬호,임시완,진구,박병은,이동휘,김선영,박종환,왕지원,박유환,안세하
779,이병헌,전도연,김고은,이경영,김태우,이준호,배수빈,문성근,박슬기,장윤성
780,비고 모텐슨,마허샬라 알리,,,,,,,,
781,소연,윤아영,신용우,장광,강호철,안영미,윤미나,이재현,,
782,임창정,안내상,정성화,손은서,김기훈,김윤영,김진용,추용현,방선화,안성곤
783,조니 뎁,,,,,,,,,
784,고아성,박성웅,배성우,김의성,류현경,이채은,오대환,박정민,이정환,최철수
785,황정민,김민희,김상호,진구,송용호,김은겸,박하영,서정하,장우진,이성일
786,왕대륙,임윤,,,,,,,,
787,데미 로바토,레인 윌슨,조 맨가니엘로,잭 맥브레이어,맨디 파틴킨,,,,,
788,박한별,김지석,박진주,라미란,박원상,정원,박순철,서원영,배용근,정혜원
789,정우성,김하늘,배성우,장영남,조이진,임주은,허진,이준혁,온주완,권해효
790,쉐일린 우들리,케이트 윈슬렛,테오 제임스,매기 큐,,,,,,
791,한예슬,송중기,이상엽,신소율,조성일,김혜린,박정희,최화진,황지혜,조하영
792,김인권,홍경인,최규환,기주봉,안병경,조덕제,김재화,박정희,임준규,정동철
793,정우,김규백,김명준,김주혁,정진영,김원해,정상훈,정해인,곽동연,천우희
794,김남길,전도연,박성웅,곽도원,김민재,강태영,박지환,정재웅,조민지,조원희
795,송중기,박보영,장영남,유연석,김향기,,,,,
796,제시카 로테,이스라엘 브로우사드,,,,,,,,
797,찰리 허냄,주드 로,에릭 바나,에이단 길렌,디몬 하운수,아스트리드 베흐제-프리스베,애나벨 월리스,케이티 맥그라스,,
798,사사키 노조미,,,,,,,,,
799,김서영,엄상현,안현서,김장,홍범기,양정화,여민정,이장원,한신,서유리
800,시얼샤 로넌,제롬 플린,크리스 오다우드,더글라스 부스,에이단 터너,헬렌 맥크로리,,,,
801,윌 아넷,캐서린 헤이글,성룡,이사벨라 모너,,,,,,
802,카리 히타라티,카리 케토넨,엘레나 크니틸라,주원,김원효,나르샤,,,,
803,송운화,왕대륙,,,,,,,,
804,사라 제시카 파커,크리스틴 데이비스,킴 캐트럴,신시아 닉슨,크리스 노스,,,,,
805,한도진,지성,주지훈,이광수,강봉성,최현희,이승우,이재형,최병모,최진호
806,톰 크루즈,도널 글리슨,사라 라이트,제시 플레먼스,,,,,,
807,니콜라스 케이지,프레디 하이모어,크리스틴 벨,유승호,조민기,남지현,유세윤,,,
808,메간 폭스,윌리엄 피츠너,앨런 리치슨,노엘 휘셔,제레미 하워드,피터 플로스잭,,,,
809,마일즈 텔러,케이트 마라,제이미 벨,마이클 B. 조던,,,,,,
810,실베스터 스탤론,제이슨 스타뎀,이연걸,돌프 룬드그렌,랜디 커투어,스티브 오스틴,테리 크루즈,미키 루크,브루스 윌리스,
811,임창정,김규리,손현우,이미소,성지혜,최효영,서정,정경미,윤지민,안석환
812,에밀리 왓슨,닉 프로스트,,,,,,,,
813,,,,,,,,,,
814,타카야마 미나미,야마자키 와카나,코야마 리키야,푸루야 토루,,,,,,
815,타카야마 미나미,야마자키 와카나,카미야 아키라,,,,,,,
816,도널 글리슨,로즈 번,샘 닐,,,,,,,
817,조니 뎁,아미 해머,헬레나 본햄 카터,,,,,,,
818,이민기,여진구,유오성,김정태,김기천,신구,송영창,박충선,박두식,한혜린
819,윌 스미스,메리 엘리자베스 윈스티드,클라이브 오웬,베네딕트 웡,,,,,,
820,설경구,박해일,윤제문,이병준,류혜영,이규형,김영대,김원진,김철환,민경진
821,티 버렐,맥스 찰스,아리엘 윈터,레슬리 만,스탠리 투치,스티븐 토보로스키,앨리슨 제니,,,
822,블레이크 라이블리,오스카 제나다,,,,,,,,
823,데인 드한,알렉스 러셀,마이클 B. 조던,애슐리 힌쇼,,,,,,
824,손현주,장혁,김상호,라미란,정만식,조달환,지승현,오연아,강현구,이학렬
825,윤계상,유해진,김옥빈,이경영,장광,권해효,손아람,박주형,이은미,이은우
826,제프 브리지스,가렛 헤드룬드,올리비아 와일드,,,,,,,
827,조진웅,송승헌,정만식,정진영,신정근,유승목,정규수,이서원,곽동연,박소담
828,미아 와시코브스카,매튜 구드,니콜 키드먼,더못 멀로니,재키 위버,,,,,
829,주윤발,주신,,,,,,,,
830,존 트라볼타,조나단 리스 마이어스,,,,,,,,
831,맷 데이먼,에밀리 블런트,,,,,,,,
832,박지윤,엄상현,남도형,박상훈,이재범,,,,,
833,이선호,김선혜,문남숙,,,,,,,
834,제이미 도넌,다코타 존슨,제니퍼 엘,루크 그림즈,,,,,,
835,케이티 피더스턴,미카 슬로앳,,,,,,,,
836,아만다 사이프리드,게리 올드만,,,,,,,,
837,짐 파슨스,리한나,제니퍼 로페즈,스티브 마틴,,,,,,
838,산드라 블록,,,,,,,,,
839,미즈키 나나,마츠모토 리카,,,,,,,,
840,밀리 바비 브라운,베라 파미가,카일 챈들러,샐리 호킨스,와타나베 켄,장쯔이,,,,
841,메리 엘리자베스 윈스티드,존 굿맨,존 갤러거 주니어,,,,,,,
842,박보영,엄지원,박소담,공예지,주보비,박성연,심희섭,고원희,박주희,이혜리
843,마이클 패스벤더,마리옹 꼬띠아르,아리안 라베드,제레미 아이언스,브렌단 글리슨,마이클 K. 윌리엄스,,,,
844,매들린 캐롤,캘런 맥오리피,,,,,,,,
845,고수,황인아,김주혁,문성근,박성웅,임화영,임태훈,전민,신영진,신영진
846,공형진,김주혁,이윤지,이시영,오정세,강대영,조성걸,최정화,김형근,조달환
847,오웬 윌슨,마리옹 꼬띠아르,레이첼 맥아담스,애드리언 브로디,,,,,,
848,진남수,이병헌,공효진,안소희,장요한,최병구,이상원,연송하,백수장,김수진
849,호아킨 피닉스,스칼렛 요한슨,에이미 아담스,루니 마라,,,,,,
850,제임스 프랭코,미쉘 윌리엄스,레이첼 와이즈,밀라 쿠니스,,,,,,
851,신하균,도경수,김동영,김종수,김종구,박수영,전석호,황정민,정희태,김도윤
852,임창정,최다니엘,나현정,임은경,장광,이경영,문제영,정한비,박영진,임정아
853,야지마 아키코,나라하시 미키,,,,,,,,
854,벤자민 워커,도미닉 쿠퍼,루퍼스 스웰,메리 엘리자베스 윈스티드,,,,,,
855,브래들리 쿠퍼,시에나 밀러,,,,,,,,
856,김남준,김석진,민윤기,정호석,박지민,김태형,전정국,,,
857,메릴 스트립,조니 뎁,에밀리 블런트,제임스 코든,안나 켄드릭,크리스 파인,,,,
858,차승원,오정세,이솜,고경표,박성웅,박장진,가은희,박준영,장진,신성훈
859,박하선,윤상현,박철민,정동철,정연식,김동현,한여울,한태현,황정민,황지애
860,박희순,고창석,김현석,이진서,조진웅,,,,,
861,김남준,김석진,민윤기,정호석,박지민,김태형,전정국,,,
862,미야자키 아오이,오사와 타카오,,,,,,,,
863,최강희,봉태규,이재인,전경수,홍지은,유재상,김원해,박사랑,정준원,권해효
864,박원상,이경영,동방우,김의성,서동수,이천희,김중기,문성근,우희진,이창진
865,제이슨 클락,조슈 브롤린,키이라 나이틀리,샘 워싱턴,제이크 질렌할,,,,,
866,엘리자베스 리저,애너리즈 바쏘,헨리 토마스,,,,,,,
867,김현수,노강민,진태현,최윤영,남보라,정은채,배수빈,나영희,임성민,김지영
868,토마츠 하루카,유키 아오이,세키 토모카즈,코자쿠라 에츠코,,,,,,
869,애쉬튼 커처,캐서린 헤이글,,,,,,,,
870,디오고 모르가도,세바스찬 냅,다윈 쇼,,,,,,,
871,라이언 필립,매튜 매커너히,조쉬 루카스,마리사 토메이,,,,,,
872,크리스 파인,키이라 나이틀리,케빈 코스트너,케네스 브래너,,,,,,
873,안토니오 반데라스,클랜시 브라운,톰 케니,전태열,이인성,최한,,,,
874,라이언 고슬링,해리슨 포드,아나 디 아르마스,실비아 획스,자레드 레토,데이브 바티스타,로빈 라이트,맥켄지 데이비스,레니 제임스,우드 해리스
875,윤계상,한예리,박효주,조복래,박병은,정수영,조영균,김수정,한지은,이지훈
876,이선호,장경희,남도형,,,,,,,
877,앤디 샘버그,켈시 그래머,제니퍼 애니스턴,티 버렐,,,,,,
878,조슈아 J. 발라드,오마 사이,,,,,,,,
879,정우성,양자경,서희원,여문락,,,,,,
880,류승룡,배수지,송새벽,김남길,이동휘,안재홍,조정숙,황태양,김은지,김은지
881,김갑수,서영희,배종옥,조성훈,김유나,박혜선,박혁권,정규상,김보민,최린
882,윤계상,고준희,오정세,조달환,황찬성,신지수,장래군,허진,이미도,안재홍
883,레아 세이두,뱅상 카셀,,,,,,,,
884,케이트 블란쳇,루니 마라,카일 챈들러,제이크 레이시,사라 폴슨,,,,,
885,성룡,권상우,,,,,,,,
886,윤은혜,박한별,차예련,유인나,신다영,최윤영,김민수,안치용,주은영,강성철
887,데인 쿡,에드 해리스,줄리 보웬,,,,,,,
888,밀라 쿠니스,채닝 테이텀,숀 빈,테리 길리엄,배두나,,,,,
889,류덕환,김동영,안재홍,전노민,전미선,장원식,양정인,조우진,우지원,유정래
890,휴고 위빙,짐 스터게스,라이언 콴튼,,,,,,,
891,김혜자,이레,최민수,강혜정,이천희,김솔,김원중,김도엽,박성규,이지원
892,니콜 키드먼,벤 위쇼,휴 보네빌,샐리 호킨스,,,,,,
893,,,,,,,,,,
894,아론 에크하트,빌 나이,미란다 오토,제이 코트니,케이틀린 스테이시,캐빈 그레비스,아덴 영,,,
895,레아 미셸,패트릭 스튜어트,휴 댄시,댄 애크로이드,,,,,,
896,장동건,장쯔이,장백지,,,,,,,
897,대니 드비토,잭 에프런,에드 헬름스,베티 화이트,롭 리글,,,,,
898,릴리 콜린스,샘 클라플린,,,,,,,,
899,리암 니슨,더못 멀로니,,,,,,,,
900,리암 니슨,조엘 킨나만,에드 해리스,커먼,제네시스 로드리게스,,,,,
901,엄태웅,정려원,유선,박기웅,박성광,이병준,조동희,최상아,최혜진,이정영
902,멜라니 그리피스,제인 린치,윌리엄 볼드윈,스티븐 볼드윈,롭 슈나이더,유리 로웬탈,,,,
903,쉐일린 우들리,테오 제임스,케이트 윈슬렛,나오미 왓츠,매기 큐,안셀 엘고트,마일즈 텔러,대니얼 대 킴,,
904,카렌 길런,브렌튼 스웨이츠,케이티 색호프,로리 코크레인,,,,,,
905,에디 레드메인,펠리시티 존스,,,,,,,,
906,마크 월버그,밀라 쿠니스,세스 맥팔레인,,,,,,,
907,조니 웨스턴,소피아 블랙 디엘리아,샘 러너,앨런 에반젤리스타,버지니아 가드너,,,,,
908,조지 클루니,휴 로리,브릿 로버트슨,,,,,,,
909,톰 행크스,마크 라이런스,오스틴 스토웰,,,,,,,
910,마동석,조한선,김민경,지안,이정원,최선주,하태웅,김동현,윤주,권범택
911,데이비드 코에너,,,,,,,,,
912,잭 오코넬,도널 글리슨,가렛 헤드룬드,핀 위트록,,,,,,
913,조셉 고든 레빗,벤 킹슬리,샬롯 르 본,,,,,,,
